id	title	url
co8qLUNDZh0	APDC in KAGA (加賀）（年１のArduPilotグローバルエンジニア会議）での「Indoor autoフライト Demo」　#ドローンエンジニア #自律飛行 #UAV	https://www.youtube.com/watch?v=co8qLUNDZh0
XWsSctiXM3I	Drone Wine Project KOTO	https://www.youtube.com/watch?v=XWsSctiXM3I
kAR64JZJ60k	Drone Wine Project Daiei	https://www.youtube.com/watch?v=kAR64JZJ60k
6QNbOwC3-tY	ドローンエンジニア養成塾 第２０期 コース３　大田さんインタビュー	https://www.youtube.com/watch?v=6QNbOwC3-tY
F4S6WC1g8qg	ドローンエンジニア養成塾 第２０期 コース３　野田さんインタビュー	https://www.youtube.com/watch?v=F4S6WC1g8qg
tjp-xC8Dhhc	ドローンエンジニア養成塾 第２０期 コース２　中村さんインタビュー	https://www.youtube.com/watch?v=tjp-xC8Dhhc
tK7TAFMUPQA	ドローンエンジニア養成塾 第２０期 コース２　松下さんインタビュー	https://www.youtube.com/watch?v=tK7TAFMUPQA
hUGYFKFipaA	ドローンエンジニア養成塾 第２０期 コース１　青田さんインタビュー	https://www.youtube.com/watch?v=hUGYFKFipaA
DXzYVHZrKKs	ドローンエンジニア養成塾 第２０期 保木井さん	https://www.youtube.com/watch?v=DXzYVHZrKKs
ly86PQhaAVE	ドローンエンジニア養成塾 第２０期 大田さん  ２/２	https://www.youtube.com/watch?v=ly86PQhaAVE
vkeo2WP8e3w	ドローンエンジニア養成塾 第２０期 中村さん  2/2	https://www.youtube.com/watch?v=vkeo2WP8e3w
746AVacsMC0	ドローンエンジニア養成塾 第２０期 中村さん  1/2	https://www.youtube.com/watch?v=746AVacsMC0
K2S-xpp7Lko	ドローン米プロジェクト２０２５	https://www.youtube.com/watch?v=K2S-xpp7Lko
RBz5lvz_x2Q	Zoom ウェビナー　「ドローンオープンソース x AI が創るイノベーション」	https://www.youtube.com/watch?v=RBz5lvz_x2Q
wGrRoYCjtZs	ドローンエンジニア養成塾１９期　コース３インタビュー　稲垣さん	https://www.youtube.com/watch?v=wGrRoYCjtZs
_2juFlQOzRQ	ドローンエンジニア養成塾１９期　コース２インタビュー　大田さん	https://www.youtube.com/watch?v=_2juFlQOzRQ
FPQLw0v1VWA	ドローンエンジニア養成塾１９期　コース１＆２ インタビュー　長力さん	https://www.youtube.com/watch?v=FPQLw0v1VWA
Lz7_06fkYqo	ドローンエンジニア養成塾 第10期  講師デモ 藤川さん (2020/10/31 軽井沢キックオフ)	https://www.youtube.com/watch?v=Lz7_06fkYqo
rcOaQoxyY54	ドローンエンジニア養成塾 第10期  講師デモ 高山さん (2020/10/31 軽井沢キックオフ)	https://www.youtube.com/watch?v=rcOaQoxyY54
UFNnNiCpS-c	ドローンエンジニア養成塾 第10期  講師デモ 川村さん (2020/10/31 軽井沢キックオフ)	https://www.youtube.com/watch?v=UFNnNiCpS-c
LZrT9-I_JuA	ドローンエンジニア養成塾 第10期  講師デモ 我田さん (2020/10/31 軽井沢キックオフ)	https://www.youtube.com/watch?v=LZrT9-I_JuA
wQrU4doZntc	ドローンエンジニア養成塾 第10期  講師デモ Randyさん① (2020/10/31 軽井沢キックオフ)	https://www.youtube.com/watch?v=wQrU4doZntc
Gw2wC0SLmaQ	ドローンエンジニア養成塾 第10期  講師デモ Randyさん② (2020/10/31 軽井沢キックオフ)	https://www.youtube.com/watch?v=Gw2wC0SLmaQ
qRYpUhVkVZU	ドローンエンジニア養成塾 第10期  講師デモ Randyさん③ (2020/10/31 軽井沢キックオフ)	https://www.youtube.com/watch?v=qRYpUhVkVZU
vM3Xu7XGtfE	ドローンエンジニア養成塾 第10期フライトエクスペリエンス　DIY１ 渋谷さん1/2	https://www.youtube.com/watch?v=vM3Xu7XGtfE
QxqfTzw4mtc	ドローンエンジニア養成塾 第10期フライトエクスペリエンス　DIY１ 渋谷さん2/2	https://www.youtube.com/watch?v=QxqfTzw4mtc
QAmWUanPboU	ドローンエンジニア養成塾 第10期フライトエクスペリエンス　DIY2 庄司さん1/2	https://www.youtube.com/watch?v=QAmWUanPboU
44lgrDP-AY4	ドローンエンジニア養成塾 第10期フライトエクスペリエンス　DIY2 庄司さん2/2	https://www.youtube.com/watch?v=44lgrDP-AY4
bjRtgYPtSqg	ドローンエンジニア養成塾 第10期フライトエクスペリエンス　DIY3 鈴木健太さん1/2	https://www.youtube.com/watch?v=bjRtgYPtSqg
VqgObGtAa4M	ドローンエンジニア養成塾 第10期フライトエクスペリエンス　DIY3 鈴木健太さん 2/2	https://www.youtube.com/watch?v=VqgObGtAa4M
ld7XU1daWQg	ドローンエンジニア養成塾 第10期フライトエクスペリエンス　DIY4 小西さん 1/2	https://www.youtube.com/watch?v=ld7XU1daWQg
lB8cmNRZCbg	ドローンエンジニア養成塾 第10期フライトエクスペリエンス　DIY4 小西さん 2/2	https://www.youtube.com/watch?v=lB8cmNRZCbg
MbAiM184AsU	ドローンエンジニア養成塾 第10期フライトエクスペリエンス　DIY5 栗原さん&吉田さん  １/2	https://www.youtube.com/watch?v=MbAiM184AsU
7pTVNH7oQZA	ドローンエンジニア養成塾 第10期フライトエクスペリエンス　DIY5 栗原さん&吉田さん  2/2	https://www.youtube.com/watch?v=7pTVNH7oQZA
QfVRWeaWOiI	ドローンエンジニア養成塾 第10期フライトエクスペリエンス　DIY6 奥野さん  1/2	https://www.youtube.com/watch?v=QfVRWeaWOiI
Ih6pJy-7BVU	ドローンエンジニア養成塾 第10期フライトエクスペリエンス　DIY6 奥野さん  2/2	https://www.youtube.com/watch?v=Ih6pJy-7BVU
nSANratPRMo	ドローンエンジニア養成塾 第10期フライトエクスペリエンス　DIY7 山下さん 1/2	https://www.youtube.com/watch?v=nSANratPRMo
6CACeZVzZCc	ドローンエンジニア養成塾 第10期フライトエクスペリエンス　DIY7 山下さん 2/2	https://www.youtube.com/watch?v=6CACeZVzZCc
37pPVdp3WSk	ドローンエンジニア養成塾 第10期フライトエクスペリエンス　DIY8 小西さん 1/2	https://www.youtube.com/watch?v=37pPVdp3WSk
xKObYq-CLzk	ドローンエンジニア養成塾 第10期フライトエクスペリエンス　DIY8 小西さん 2/2	https://www.youtube.com/watch?v=xKObYq-CLzk
K4tfpLdbkmc	ドローンエンジニア養成塾 第10期フライトエクスペリエンス　DIY9 小西さん 2/2	https://www.youtube.com/watch?v=K4tfpLdbkmc
X6FeDRMMxWQ	ドローンエンジニア養成塾 第10期フライトエクスペリエンス　DIY9 小西さん 1/2	https://www.youtube.com/watch?v=X6FeDRMMxWQ
X8152gl1iog	ドローンエンジニア養成塾 第10期フライトエクスペリエンス　DIY10 大矢さん 1/2	https://www.youtube.com/watch?v=X8152gl1iog
W-9hFemnlao	ドローンエンジニア養成塾 第10期フライトエクスペリエンス　DIY10 大矢さん 2/2	https://www.youtube.com/watch?v=W-9hFemnlao
wrROmUrIJ5w	ドローンエンジニア養成塾 第10期フライトエクスペリエンス　DIY11 講師高山さん 1/2	https://www.youtube.com/watch?v=wrROmUrIJ5w
wqDWs5tFcqE	ドローンエンジニア養成塾 第10期フライトエクスペリエンス　DIY11 講師高山さん 2/2	https://www.youtube.com/watch?v=wqDWs5tFcqE
olMyhxwSe_M	ドローンエンジニア養成塾 第10期フライトエクスペリエンス　DIY12 講師川村さん 1/2	https://www.youtube.com/watch?v=olMyhxwSe_M
LH4U4bIlVCY	ドローンエンジニア養成塾 第10期フライトエクスペリエンス　DIY12 講師川村さん 2/2	https://www.youtube.com/watch?v=LH4U4bIlVCY
MdHcb5m23ig	ドローンエンジニア養成塾 第10期フライトエクスペリエンス　DIY1３ 講師藤川さん	https://www.youtube.com/watch?v=MdHcb5m23ig
wl23x70VlDI	ドローンエンジニア養成塾 第10期フライトエクスペリエンス　DIY14 講師合作（川村さん・我田さん・高山さん）（こちらも一緒にみてください　https://youtu.be/fI66aFJz2AU）	https://www.youtube.com/watch?v=wl23x70VlDI
Ne0_kSgERyk	第10期コース２MVP　小西さんインタビュー	https://www.youtube.com/watch?v=Ne0_kSgERyk
2CDttapr_Q0	アルデュエックス・ジャパン株式会社　設立にあたり　Randy Interview 1	https://www.youtube.com/watch?v=2CDttapr_Q0
-JuY289mrx4	ドローンエンジニア養成塾　１１期KickOff　DEMO1	https://www.youtube.com/watch?v=-JuY289mrx4
jo7q4XvvV18	ドローンエンジニア養成塾第１１期KickOff DEMO2	https://www.youtube.com/watch?v=jo7q4XvvV18
6IUYCMpducY	ドローンエンジニア養成塾第１１期KickOff　DEMO3	https://www.youtube.com/watch?v=6IUYCMpducY
VKxM1yZ5zus	ドローンエンジニア養成塾第１１期KickOff　DEMO4	https://www.youtube.com/watch?v=VKxM1yZ5zus
mLWH2GMk1R4	ドローンエンジニア養成塾第１１期KickOff  DEMO5	https://www.youtube.com/watch?v=mLWH2GMk1R4
MAowG9F7-dI	ドローンエンジニア養成塾第１１期KickOff　DEMO6	https://www.youtube.com/watch?v=MAowG9F7-dI
5xVjMj4ydQM	ドローンエンジニア養成塾第１１期KickOff　DEMO7	https://www.youtube.com/watch?v=5xVjMj4ydQM
sa3cfuK8eLA	１・太田さん　自作４インチミニコプター　自動ミッション航行　1/2	https://www.youtube.com/watch?v=sa3cfuK8eLA
vsc7kUg0ZWI	１・太田さん　自作４インチミニコプター　自動ミッション航行　2/2	https://www.youtube.com/watch?v=vsc7kUg0ZWI
8XYaP_0Xmzc	2・川崎さん　オリジナルDIY＋CC　初航行　次に向けていざ！	https://www.youtube.com/watch?v=8XYaP_0Xmzc
HB2v_elGp-8	３・山崎さん　一点継続指向航行（コース３チームNewFlightMode）1/2	https://www.youtube.com/watch?v=HB2v_elGp-8
PELiwxya3x8	３・山崎さん　一点継続指向航行（コース３チームNewFlightMode）２/2	https://www.youtube.com/watch?v=PELiwxya3x8
tq04-6OUY8s	４・山崎さん　ラズパイWifiサーバーにPCからオートミッション　1/2	https://www.youtube.com/watch?v=tq04-6OUY8s
ZL6yaBOclss	４・山崎さん　ラズパイWifiサーバーにPCからオートミッション　２/2	https://www.youtube.com/watch?v=ZL6yaBOclss
cPe-aNAG8AA	５・渋谷さん　３DプリンタIRIS　１０期から大いなる成長の巻	https://www.youtube.com/watch?v=cPe-aNAG8AA
gwzSP2dhjPg	６・渋谷さん　IRIS with ラズパイ　アルコ追従航行	https://www.youtube.com/watch?v=gwzSP2dhjPg
9aeyP12A6-I	７・青葉さん　初DIY445　安定の航行成功！　1/2	https://www.youtube.com/watch?v=9aeyP12A6-I
i-MeApW08wQ	７・青葉さん　初DIY445　安定の航行成功！　2/2	https://www.youtube.com/watch?v=i-MeApW08wQ
sHiewnkb5dM	8・伊藤さん　DIY初チャレンジ　次回に乞うご期待！	https://www.youtube.com/watch?v=sHiewnkb5dM
qRcRRotXoBE	９・太田さん　３６０カメラローバー　Obstacle Avoidance Bendy Ruler　1/2	https://www.youtube.com/watch?v=qRcRRotXoBE
1DoRaDLEdhs	９・太田さん　３６０カメラローバー　Obstacle Avoidance Bendy Ruler　2/2	https://www.youtube.com/watch?v=1DoRaDLEdhs
ak2YtIPHNUU	10・渋谷さん　４４５ w/ラズパイ　T265 SLAM (Non GPS) フライト	https://www.youtube.com/watch?v=ak2YtIPHNUU
qX0IXn6iV9k	１１・鈴木さん　３DプリンターDIYフレーム　リベンジ達成！	https://www.youtube.com/watch?v=qX0IXn6iV9k
nUflkA2Yqeg	１２・古橋さん　自作ローバーネットワークRTK自動走行　まもなく完成！	https://www.youtube.com/watch?v=nUflkA2Yqeg
o3Eu7h9XhZ0	１３・森山さん　SOLOにOrangeCube　オートミッション初成功！　1/2	https://www.youtube.com/watch?v=o3Eu7h9XhZ0
eurvnmCHJNU	１３・森山さん　SOLOにOrangeCube　オートミッション初成功！　２/2	https://www.youtube.com/watch?v=eurvnmCHJNU
2q6c5ytM-I4	１４・徳毛さん　ローバーオートまもなく完成　おじさまたちに支えられ！？	https://www.youtube.com/watch?v=2q6c5ytM-I4
P9UaZPRFS2c	１５・阿部さん　DroneKitオートプログラム　３度めの正直	https://www.youtube.com/watch?v=P9UaZPRFS2c
_WQ7BGJhb2M	１6・我田先生　ボートオートミッション・・・のはず！？	https://www.youtube.com/watch?v=_WQ7BGJhb2M
b9eOiQ5ErpA	１７・川村先生　ボートチューニングレッスン	https://www.youtube.com/watch?v=b9eOiQ5ErpA
j-XFcGr0OoM	ドローンエンジニア養成塾 第１２期キックオフデモ　藤川先生　（四足歩行ロボット＋NonGPS自己位置推定）	https://www.youtube.com/watch?v=j-XFcGr0OoM
RBcDvzM9IUo	ドローンエンジニア養成塾 第１２期キックオフデモ　Randy先生　（技適取得済HereLinkによるローバーSカーブナビゲーション）	https://www.youtube.com/watch?v=RBcDvzM9IUo
vHgM8-kIGa4	ドローンエンジニア養成塾 第１２期キックオフデモ　我田先生　（CO2濃度＋位置情報のローバー計測クラウドシステム）	https://www.youtube.com/watch?v=vHgM8-kIGa4
p7b5UKwH4fQ	ドローンエンジニア養成塾 第１２期キックオフデモ　卒業生渋谷さん　（３DプリンターDIY IRIS　改良進化中）	https://www.youtube.com/watch?v=p7b5UKwH4fQ
Od2LIPwqGZ0	ドローンエンジニア養成塾 第１２期キックオフデモ　高山先生　（ラジコンローバーのAP制御  DIYの配慮点）1/2	https://www.youtube.com/watch?v=Od2LIPwqGZ0
RdHijdlXce4	ドローンエンジニア養成塾 第１２期キックオフデモ　高山先生　（ラジコンローバーのAP制御  DIYの配慮点）2/2	https://www.youtube.com/watch?v=RdHijdlXce4
CvMs3AhvkNg	ドローンエンジニア養成塾 第１２期キックオフデモ　川村先生　（Crash　 Recovery Mode!  ArduPilot Global Community 初公開　1/2	https://www.youtube.com/watch?v=CvMs3AhvkNg
3tgUDxc2Wjc	ドローンエンジニア養成塾 第１２期キックオフデモ　川村先生　（Crash　 Recovery Mode!  ArduPilot Global Community 初公開　2/2	https://www.youtube.com/watch?v=3tgUDxc2Wjc
w_lud0D8-5A	ドローンエンジニア養成塾 第１２期キックオフデモ　卒業生渋谷さん　（４４５ w/ ラズパイ T265　SLAM NonGPS フライト)	https://www.youtube.com/watch?v=w_lud0D8-5A
W8vyF1lWbvM	ドローンエンジニア養成塾 第１２期キックオフデモ　卒業生川崎さん　（リベンジマッチ？　8羽ー＞7羽 ホバリング フライト)	https://www.youtube.com/watch?v=W8vyF1lWbvM
zzsKR9S7OeU	ドローンエンジニア養成塾 第１２期キックオフデモ　卒業生渋谷さん　（アルコマーカー追随航行プログラム)	https://www.youtube.com/watch?v=zzsKR9S7OeU
__hDHD9g8U8	ドローンエンジニア養成塾 第１２期キックオフデモ　卒業生大矢さん　（445 DIY 初フライト成功！)	https://www.youtube.com/watch?v=__hDHD9g8U8
0AszUkUZM7c	ドローンエンジニア養成塾 第１２期キックオフデモ　川村先生＆Randy先生のメッセージ	https://www.youtube.com/watch?v=0AszUkUZM7c
RXgCU6z7v-I	ドローンエンジニア養成塾 第１２期フライトエクスペリエンスデモ　渡邊さん 1/2（450 DIY 初組みあげ・オートミッションフライト成功！)	https://www.youtube.com/watch?v=RXgCU6z7v-I
zL_vmaQghsI	ドローンエンジニア養成塾 第１２期フライトエクスペリエンスデモ　渡邊さん 2/2（450 DIY 初組みあげ・オートミッションフライト成功！)	https://www.youtube.com/watch?v=zL_vmaQghsI
vnNxkEtP4H0	ドローンエンジニア養成塾 第１２期フライトエクスペリエンスデモ　山梨さん 1/2（450 DIY 初組みあげ・オートミッションフライト成功！)	https://www.youtube.com/watch?v=vnNxkEtP4H0
l9A6aCZznOU	ドローンエンジニア養成塾 第１２期フライトエクスペリエンスデモ　山梨さん 2/2（450 DIY 初組みあげ・オートミッションフライト成功！)	https://www.youtube.com/watch?v=l9A6aCZznOU
npRhVknHuQY	ドローンエンジニア養成塾 第１２期フライトエクスペリエンスデモ　浅野さん 1/2（初組み上げにS500、無事安定航行。そして目標のシングルコプター制作に向けてGO！ )	https://www.youtube.com/watch?v=npRhVknHuQY
DAVV9Gtw8Ns	ドローンエンジニア養成塾 第１２期フライトエクスペリエンスデモ　浅野さん 2/2（初組み上げにS500、無事安定航行。そして目標のシングルコプター制作に向けてGO！ )	https://www.youtube.com/watch?v=DAVV9Gtw8Ns
TE6xsnssn2g	ドローンエンジニア養成塾 第１２期フライトエクスペリエンスデモ　吉田さん 1/2（初組み上げにF550、調整中。まもなく完成！ )	https://www.youtube.com/watch?v=TE6xsnssn2g
RNDDwnlqNhM	ドローンエンジニア養成塾 第１２期フライトエクスペリエンスデモ　吉田さん 2/2（初組み上げにF550、調整中。まもなく完成！ )	https://www.youtube.com/watch?v=RNDDwnlqNhM
xkw8pXThhMo	ドローンエンジニア養成塾 第１２期フライトエクスペリエンスデモ　菊池さん 1/2（初組み上げに”アーム収納式”コプター、調整中。乞うご期待！ )	https://www.youtube.com/watch?v=xkw8pXThhMo
PQjDOXGajfw	ドローンエンジニア養成塾 第１２期フライトエクスペリエンスデモ　菊池さん 2/2（初組み上げに”アーム収納式”コプター、調整中。乞うご期待！ )	https://www.youtube.com/watch?v=PQjDOXGajfw
C9ee78aQj8U	ドローンエンジニア養成塾 第１２期フライトエクスペリエンスデモ　渡辺さん 1/2（初組み上げにローバー。PS4のゲームパッドをプロポに採用。徹底的にコストダウンさせた最安値ローバー完成！ )	https://www.youtube.com/watch?v=C9ee78aQj8U
xtX1AiqqNas	ドローンエンジニア養成塾 第１２期フライトエクスペリエンスデモ　渡辺さん 2/2（初組み上げにローバー。PS4のゲームパッドをプロポに採用。徹底的にコストダウンさせた最安値ローバー完成！ )	https://www.youtube.com/watch?v=xtX1AiqqNas
mm394UjCP8A	ドローンエンジニア養成塾 第１２期フライトエクスペリエンスデモ　日笠さん＆山田さんチーム（走行中のローバーにコプター追従しつつ着陸。に向け鋭意奮闘中！ )	https://www.youtube.com/watch?v=mm394UjCP8A
K6hpy7n80ZU	ドローンエンジニア養成塾 第１２期フライトエクスペリエンスデモ　山田さん（クローラーオートミッション走行にむけ調整中。乞うご期待！ )	https://www.youtube.com/watch?v=K6hpy7n80ZU
cu9XzYJ7CnQ	ドローンエンジニア養成塾 第１２期フライトエクスペリエンスデモ　徳毛さん（ラズパイカメラがアルコマーカーを認識し自作ローバー始動！ドローンキットPythonプログラムデモ！)	https://www.youtube.com/watch?v=cu9XzYJ7CnQ
qbqsVbeldc4	ドローンエンジニア養成塾 第１２期フライトエクスペリエンスデモ　中村さん（初組み上げ、初フライト、そして初操作！　日没ぎりぎりに間に合いました！)	https://www.youtube.com/watch?v=qbqsVbeldc4
bsdOeuGKsLI	ドローンエンジニア養成塾 第１２期フライトエクスペリエンスデモ　渋谷さん 1/2（渋谷さんのアルコマーカー追従システム進化版！前回のデモと一緒にご覧あれ	https://www.youtube.com/watch?v=bsdOeuGKsLI
cxIFNknumUA	ドローンエンジニア養成塾 第１２期フライトエクスペリエンスデモ　渋谷さん 2/2（渋谷さんのアルコマーカー追従システム進化版！前回のデモと一緒にご覧あれ	https://www.youtube.com/watch?v=cxIFNknumUA
zBiNifiDaJM	ドローンエンジニア養成塾 第１２期フライトエクスペリエンスデモ　川村さん 1/2（世界初モーターインロックモード！）	https://www.youtube.com/watch?v=zBiNifiDaJM
MbxQbMIkKNU	ドローンエンジニア養成塾 第１２期フライトエクスペリエンスデモ　川村さん 2/2（世界初モーターインロックモード！）	https://www.youtube.com/watch?v=MbxQbMIkKNU
J8JtkejzByM	ドローンエンジニア養成塾１２期　コース１　中村さんインタビュー	https://www.youtube.com/watch?v=J8JtkejzByM
zMhuagBw_dU	ドローンエンジニア養成塾１２期　コース１　浅野さんインタビュー	https://www.youtube.com/watch?v=zMhuagBw_dU
4_GiDT6BkVo	ドローンエンジニア養成塾１２期　コース３　Team "Grover" インタビューDEMO	https://www.youtube.com/watch?v=4_GiDT6BkVo
AMr7dOCYigE	ドローンエンジニア養成塾１２期　コース２　安河内さんインタビュ	https://www.youtube.com/watch?v=AMr7dOCYigE
uRNG-SIxA2o	ドローンエンジニア養成塾１２期　総合MVP　山田さんインタビュ	https://www.youtube.com/watch?v=uRNG-SIxA2o
K3X2Ge-oHqM	ドローンエンジニア養成塾１２期　ArduPiot Script Generator!?  (山田さんDEMO)	https://www.youtube.com/watch?v=K3X2Ge-oHqM
mLL57w_rDjw	ArduPilot	https://www.youtube.com/watch?v=mLL57w_rDjw
jV67Q0QBV7s	１・Fast Decent by Randy (1/3)	https://www.youtube.com/watch?v=jV67Q0QBV7s
yttRixnhEHk	１・Fast Decent by Randy (2/3)	https://www.youtube.com/watch?v=yttRixnhEHk
Kj1egUF0Jjk	１・Fast Decent by Randy (3/3)	https://www.youtube.com/watch?v=Kj1egUF0Jjk
8B-TtH42IAw	2. 環境monitoring solution (fc w/sensor to python program on CC) by DIY mini-copter By 我田先生（1/4)	https://www.youtube.com/watch?v=8B-TtH42IAw
gcRuKALQqhM	2. 環境monitoring solution (fc w/sensor to python program on CC) by DIY mini-copter By 我田先生（2/4)	https://www.youtube.com/watch?v=gcRuKALQqhM
MFAljkksIak	2. 環境monitoring solution (fc w/sensor to python program on CC) by DIY mini-copter By 我田先生（3/4)	https://www.youtube.com/watch?v=MFAljkksIak
1LsiewyXpok	2. 環境monitoring solution (fc w/sensor to python program on CC) by DIY mini-copter By 我田先生（4/4)	https://www.youtube.com/watch?v=1LsiewyXpok
P3G7FSiQrJA	3. 有線給電minicopter, 350v downed to 24v via converter → log analysis for trouble shooting By 太田さん(1/3)	https://www.youtube.com/watch?v=P3G7FSiQrJA
8UFwOfZmJhI	3. 有線給電minicopter, 350v downed to 24v via converter → log analysis for trouble shooting By 太田さん(2/3)	https://www.youtube.com/watch?v=8UFwOfZmJhI
O8yHQms_ubk	3. 有線給電minicopter, 350v downed to 24v via converter → log analysis for trouble shooting By 太田さん(3/3)	https://www.youtube.com/watch?v=O8yHQms_ubk
0Svqg-yvLUE	4. stable robustness oct copter for Indoor inspection, and aiming for non GPS auto By 山口さん　(1/3)	https://www.youtube.com/watch?v=0Svqg-yvLUE
wBPsV8g1S4k	4. stable robustness oct copter for Indoor inspection, and aiming for non GPS auto By 山口さん　(2/3)	https://www.youtube.com/watch?v=wBPsV8g1S4k
gS8y3H-wedk	4. stable robustness oct copter for Indoor inspection, and aiming for non GPS auto By 山口さん　(3/3)	https://www.youtube.com/watch?v=gS8y3H-wedk
jhGet97QtAA	５・ROVER guided mode following ArUco marker By 徳毛さん 1/3	https://www.youtube.com/watch?v=jhGet97QtAA
jF_hEqCQ-cw	５・ROVER guided mode following ArUco marker By 徳毛さん 2/3	https://www.youtube.com/watch?v=jF_hEqCQ-cw
Turecgozqrc	５・ROVER guided mode following ArUco marker By 徳毛さん 3/3	https://www.youtube.com/watch?v=Turecgozqrc
-iIyiZ3RwDo	6-1. VIDEO processing (輪郭検出 & 2値化) via  drone  w/cc camera toward python team programming By 渋谷さん	https://www.youtube.com/watch?v=-iIyiZ3RwDo
-oNd149B75U	７・ drone as IOT connected to cloud (non flightcode dependecy without cc by LUA script) By 川村さん	https://www.youtube.com/watch?v=-oNd149B75U
kR8EooyKAYU	6-2・Virtual joy stick toward video control system By 渋谷さん	https://www.youtube.com/watch?v=kR8EooyKAYU
X1IrYodpb6M	8. flip mode!  (new flight mode) By 今野さん 1/2	https://www.youtube.com/watch?v=X1IrYodpb6M
SBmVjBNGIcA	9. DIY apローバー fpv via herelink.By 高山さん	https://www.youtube.com/watch?v=SBmVjBNGIcA
wDBb7kmWVP8	8. flip mode!  new flight mode By 今野さん 2/2	https://www.youtube.com/watch?v=wDBb7kmWVP8
a8m9bzc3lBQ	10. dead reckoning (fc/imuのみでのnonGPS!?) By Randy 1/4	https://www.youtube.com/watch?v=a8m9bzc3lBQ
WFvSBZ58wJQ	10. dead reckoning (fc/imuのみでのnonGPS!?) By Randy 2/4	https://www.youtube.com/watch?v=WFvSBZ58wJQ
NHe5EM8Bz5U	10. dead reckoning (fc/imuのみでのnonGPS!?) By Randy 3/4	https://www.youtube.com/watch?v=NHe5EM8Bz5U
6SSTENMo8oQ	10. dead reckoning (fc/imuのみでのnonGPS!?) By Randy 4/4	https://www.youtube.com/watch?v=6SSTENMo8oQ
Wdd-ALmp4h0	CUBE ORANGE X500V2　初DIYチャレンジ完　豊住さん1/2	https://www.youtube.com/watch?v=Wdd-ALmp4h0
8G_J8FB9_Uo	CUBE ORANGE X500V2　初DIYチャレンジ完　豊住さん2/2	https://www.youtube.com/watch?v=8G_J8FB9_Uo
qN3Ho43Bvfk	初DIYでSUB 100g Mini Copterにチャレンジ中　朝日さん	https://www.youtube.com/watch?v=qN3Ho43Bvfk
Z6irvK5-BpY	DroneKit Pythonプログラミングチャレンジ　①スマート電池消費表示　②アームしてからの経過時間表示(デモ) @mission planner　吉里さん	https://www.youtube.com/watch?v=Z6irvK5-BpY
gG7Pjddza_o	DIYローバーの自動走行　全自動草刈り機を目指し！　塚田さん1/2	https://www.youtube.com/watch?v=gG7Pjddza_o
s1VVasYdXDg	DIYローバーの自動走行　全自動草刈り機を目指し！　塚田さん2/2	https://www.youtube.com/watch?v=s1VVasYdXDg
W46bqN1qz18	DIYローバーの自動走行　全自動草刈り機を目指し！　春原さん解説	https://www.youtube.com/watch?v=W46bqN1qz18
F_Q_2Qpl_Js	Dronekit Python プログラミング　waypoint到着位置確認プログラム制作を通じ課題提言　猿山さん	https://www.youtube.com/watch?v=F_Q_2Qpl_Js
8X9o7i-TRaI	Dronekit Python プログラミング　waypoint到着位置確認プログラム制作を通じ課題提言　藤川さん解説	https://www.youtube.com/watch?v=8X9o7i-TRaI
Y--w7pZ4MaQ	史上初の8輪可変フレームクローラー！まずはご覧あれ。　太田さん1/2	https://www.youtube.com/watch?v=Y--w7pZ4MaQ
CBTBLKNtZ_s	史上初の8輪可変フレームクローラー！まずはご覧あれ。　太田さん2/2	https://www.youtube.com/watch?v=CBTBLKNtZ_s
qDWItx8Xueg	史上初の8輪可変フレームクローラー！まずはご覧あれ。　我田さん解説	https://www.youtube.com/watch?v=qDWItx8Xueg
xLuIATO2JLk	ドローンエンジニア養成塾第１３期フライトエクスペリエンス　川村さん総評	https://www.youtube.com/watch?v=xLuIATO2JLk
dBZl0NtoaTA	ドローンエンジニア養成塾第１３期　コース１MVP　塚田浩生さん	https://www.youtube.com/watch?v=dBZl0NtoaTA
uFY4dMbeVgU	ドローンエンジニア養成塾第１３期　コース２MVP　佐藤好行さん	https://www.youtube.com/watch?v=uFY4dMbeVgU
ByGuzbHh_vE	ドローンエンジニア養成塾第１３期　コース３MVP 　伊豆知郁さん	https://www.youtube.com/watch?v=ByGuzbHh_vE
hpXVQO_dOT0	第１４期キックオフデモ　１・山崎さん　自作メカナムホイールローバー&片手使いリモコン （TKKWorks 開発検討中）1/2	https://www.youtube.com/watch?v=hpXVQO_dOT0
flcGiE76uTE	第１４期キックオフデモ　１・山崎さん　自作メカナムホイールローバー&片手使いリモコン（TKKWorks 開発検討中） 2/2	https://www.youtube.com/watch?v=flcGiE76uTE
smHTf5Ia0ZE	第１４期キックオフデモ　2・ランディ塾長　ペイロードプレイスミッションシステム　　(tapjチーム　JIC2022  遭難者救援物資搬送での応用)　1/3	https://www.youtube.com/watch?v=smHTf5Ia0ZE
cB4v32O3nlA	第１４期キックオフデモ　2・ランディ塾長　ペイロードプレイスミッションシステム　　(tapjチーム　JIC2022  遭難者救援物資搬送での応用)　2/3	https://www.youtube.com/watch?v=cB4v32O3nlA
-fOyhKBzCv8	第１４期キックオフデモ　2・ランディ塾長　ペイロードプレイスミッションシステム　　(tapjチーム　JIC2022  遭難者救援物資搬送での応用)　3/3	https://www.youtube.com/watch?v=-fOyhKBzCv8
3bmzJCHYkFU	第１４期キックオフデモ　３・我田さん　自動巡回監視ローバーシステム　プロト(1/1000のコストで実現！?)	https://www.youtube.com/watch?v=3bmzJCHYkFU
gFjKJ9S2B9w	第１４期キックオフデモ　４・川村さん　TAP-Jチーム　JIC2022 遭難者運搬救助ローバー解説 1/2	https://www.youtube.com/watch?v=gFjKJ9S2B9w
qLnOtT15R0k	第１４期キックオフデモ　４・川村さん　TAP-Jチーム　JIC2022 遭難者運搬救助ローバー解説 2/2	https://www.youtube.com/watch?v=qLnOtT15R0k
WM-aaZFrHtE	第１４期キックオフデモ　５・高山さん　TDR 測量用対空標識ローバー(開発中)	https://www.youtube.com/watch?v=WM-aaZFrHtE
QCeMYbnglC4	第１４期キックオフデモ　６・渋谷さん　ジオフェンス&ランド(オートフライトモード)	https://www.youtube.com/watch?v=QCeMYbnglC4
h8rJToV7PRQ	第１４期キックオフデモ　７・渋谷さん　基本フライト体験講習！	https://www.youtube.com/watch?v=h8rJToV7PRQ
AMgrNqH0xBo	第１４期キックオフデモ　８・藤川さん　スプラインフライト(オートフライトモード)　1/3	https://www.youtube.com/watch?v=AMgrNqH0xBo
PqGa-719Il8	第１４期キックオフデモ　８・藤川さん　スプラインフライト(オートフライトモード)　3/3	https://www.youtube.com/watch?v=PqGa-719Il8
dYRpPr-cRMI	第１４期キックオフデモ　9・ランディ塾長 Newジンバルカメラ&飛行中撮影ポイントの位置情報表示システム　(LUA)  1/4	https://www.youtube.com/watch?v=dYRpPr-cRMI
kqpp0qnBhQk	第１４期キックオフデモ　9・ランディ塾長 Newジンバルカメラ&飛行中撮影ポイントの位置情報表示システム　(LUA)  2/4	https://www.youtube.com/watch?v=kqpp0qnBhQk
f3mZRJYxGac	第１４期キックオフデモ　9・ランディ塾長 Newジンバルカメラ&飛行中撮影ポイントの位置情報表示システム　(LUA)  3/4	https://www.youtube.com/watch?v=f3mZRJYxGac
78wLh7xzptA	第１４期キックオフデモ　9・ランディ塾長 Newジンバルカメラ&飛行中撮影ポイントの位置情報表示システム　(LUA)  4/4	https://www.youtube.com/watch?v=78wLh7xzptA
LkewKLL2azw	Loiter 停止精度check	https://www.youtube.com/watch?v=LkewKLL2azw
ZV9k3RcraMc	第１４期　Flight Experience  1・自作コプターチャレンジ中（室内飛行を目指して）竹田さん	https://www.youtube.com/watch?v=ZV9k3RcraMc
eXEYh5QUKrc	第１４期　Flight Experience  ２・自作コプター（狭小空間飛行を目指して）一戸さん	https://www.youtube.com/watch?v=eXEYh5QUKrc
QXBOk0Elbcs	第１４期　Flight Experience  ３・Boat To Boat Follow Mode 我田さん＆川村さん　1/2	https://www.youtube.com/watch?v=QXBOk0Elbcs
vRvWOynFqb8	第１４期　Flight Experience  4・ArduPilot ヘキサデモ　レインボー野口さん	https://www.youtube.com/watch?v=vRvWOynFqb8
kp1dqwJGkGc	第１４期　Flight Experience  ５・小笠原の外来トカゲ駆除装置！？　レインボー野口さん	https://www.youtube.com/watch?v=kp1dqwJGkGc
iWXJwQiKefQ	第１４期　Flight Experience  ６・自律ローバーに向けて鋭意奮闘中！　四栁さん	https://www.youtube.com/watch?v=iWXJwQiKefQ
7m_BHexdseE	第１４期　Flight Experience  ７・DIYクローラにフライトモードにあわせた音楽！？（Pythonプログラミング 目視外でのフライト状況お知らせ機能を目指して）大島さん＆伊藤さん１/2	https://www.youtube.com/watch?v=7m_BHexdseE
QKhcwvHe8vY	第１４期　Flight Experience  8・DIYコプター完成！渡邉さん1/2	https://www.youtube.com/watch?v=QKhcwvHe8vY
x05y_lVW8v8	第１４期　Flight Experience  9・オリジナルフライトモード(YAW右90° 左90°）開発＆デモ！　渡邊さん 1/2	https://www.youtube.com/watch?v=x05y_lVW8v8
FxeFlyZ037w	第１４期　Flight Experience  9・オリジナルフライトモード(YAW右90° 左90°）開発＆デモ！　渡邊さん 2/2	https://www.youtube.com/watch?v=FxeFlyZ037w
q8pRe-su_7c	第１４期　Flight Experience  10・オリジナルフライトモード(ピッチ手前１０°）開発＆デモ！　晝間さん2/2	https://www.youtube.com/watch?v=q8pRe-su_7c
GJa2SChSrHM	第１４期　Flight Experience  11・TDR「測量用対空標識」の自動移動ローバー開発プロジェクト　進捗報告  高山さん	https://www.youtube.com/watch?v=GJa2SChSrHM
e7LCpCduP5c	第１４期　Flight Experience  12・奮闘中のDIYコプター　川村先生アドバイス Before After  高尾さん１/3	https://www.youtube.com/watch?v=e7LCpCduP5c
PaoKB-03VAU	第１４期　Flight Experience  1４・DIY小型コプター NonGPS安定ホバリングデモ（赤外線＆Visionセンサ オプティカルフロー) 我田さん	https://www.youtube.com/watch?v=PaoKB-03VAU
9S9KI_Z_xuY	ドローンエンジニア養成塾第１４期　コース１　伊藤竜司さんMVP授賞式	https://www.youtube.com/watch?v=9S9KI_Z_xuY
108bXB2ewqU	ドローンエンジニア養成塾第１４期　コース２　竹田明弘さん MVP	https://www.youtube.com/watch?v=108bXB2ewqU
amdoPO-zvfQ	ドローンエンジニア養成塾第１４期　コース３　一戸英男さん MVP	https://www.youtube.com/watch?v=amdoPO-zvfQ
LPDrJQfEfuM	第１５期　Flight Experience  1２・多脚ローバー 　藤川さん	https://www.youtube.com/watch?v=LPDrJQfEfuM
TzHPV55FQu4	第１５期　Flight Experience  1１の１・フリップモード　野村さん	https://www.youtube.com/watch?v=TzHPV55FQu4
uPLYw4TBRYI	第１５期　Flight Experience  1１の２・フリップモード　野村さん	https://www.youtube.com/watch?v=uPLYw4TBRYI
dMbL56CGlFg	第１５期　Flight Experience  1０の１・初組み上げ初フライト　永田さん	https://www.youtube.com/watch?v=dMbL56CGlFg
cQgQ0YK0UcQ	第１５期　Flight Experience  1０の２・初組み上げ初フライト　永田さん	https://www.youtube.com/watch?v=cQgQ0YK0UcQ
PpAd1ckHjbg	第１５期　Flight Experience  1０・LUAアクロバット背面回転飛行　シミュレーション　朝隈さん	https://www.youtube.com/watch?v=PpAd1ckHjbg
Se1G3Ygc5Yc	第１５期　Flight Experience  ９・Pythonプログラムオートミッション　勝田さん	https://www.youtube.com/watch?v=Se1G3Ygc5Yc
Vhv-lAqkLTI	第１５期　Flight Experience  ８・Pythonプログラムオートミッション　宇留賀さん	https://www.youtube.com/watch?v=Vhv-lAqkLTI
zgFLXFaY-yg	第１５期　Flight Experience  ７・Pythonプログラムオートミッション　水野さん	https://www.youtube.com/watch?v=zgFLXFaY-yg
X9kAVDQIPl4	第１５期　Flight Experience  ６・ローバーオートミッションまもなく！　倉本さん	https://www.youtube.com/watch?v=X9kAVDQIPl4
QJ9TqE1gcSM	第１５期　Flight Experience  ５・狭小空間点検ドローン鋭意開発中！　中村さん	https://www.youtube.com/watch?v=QJ9TqE1gcSM
C4AIYG3cwSI	第１５期　Flight Experience  ４・恒例の？自律稼働型対空標識　アップデート　高山さん	https://www.youtube.com/watch?v=C4AIYG3cwSI
w5Qs4xXxBtY	第１５期　Flight Experience  ３－１・４４５蘇生中！　井出さん	https://www.youtube.com/watch?v=w5Qs4xXxBtY
Qq750zFLWr0	第１５期　Flight Experience  ３－２・４４５蘇生中！　井出さん	https://www.youtube.com/watch?v=Qq750zFLWr0
BkKLwhHV3ic	第１５期　Flight Experience  ２・初国産FC組み上げ　まもなく完成！　荒井さん	https://www.youtube.com/watch?v=BkKLwhHV3ic
AhhWiAa0yVE	第１５期　Flight Experience  １・オクトコプターチューニング　課題解決に光！　大竹さん	https://www.youtube.com/watch?v=AhhWiAa0yVE
1SrMgIzX1T8	ドローン室内自動飛行ソリューション	https://www.youtube.com/watch?v=1SrMgIzX1T8
Jhk5tY13gJQ	ドローンエンジニア養成塾１６期　「自作コンセプトローバー」　before     1/3 高山先生	https://www.youtube.com/watch?v=Jhk5tY13gJQ
ftXsg424WuA	ドローンエンジニア養成塾１６期　「自作コンセプトローバー」　before     2/3 高山先生	https://www.youtube.com/watch?v=ftXsg424WuA
lq0om87Fu4A	ドローンエンジニア養成塾１６期　「自作コンセプトローバー」　after     3/3 高山先生	https://www.youtube.com/watch?v=lq0om87Fu4A
gUH-z8JXXfA	ドローンエンジニア養成塾１６期  「目視外航行ドローン.インターネット遠隔管理システムの仕組み」　1/2 我田先生	https://www.youtube.com/watch?v=gUH-z8JXXfA
3wxUyO3zpzs	ドローンエンジニア養成塾１６期  「目視外航行ドローン.インターネット遠隔管理システムの仕組み」　2/2 我田先生	https://www.youtube.com/watch?v=3wxUyO3zpzs
8aHINlVSAZY	ドローンエンジニア養成塾１６期  「JIC2023 TAPJ 駆けつけ救助ローバー」　渋谷先生&川村先生	https://www.youtube.com/watch?v=8aHINlVSAZY
bRePlDotEKo	ドローンエンジニア養成塾１６期「RtoS社　新型ローバーのご紹介」	https://www.youtube.com/watch?v=bRePlDotEKo
ND79xORE5H0	ドローンエンジニア養成塾１６期 「コプター各種フライトモード」　1/2  渋谷先生	https://www.youtube.com/watch?v=ND79xORE5H0
PQkFRSHxdiU	ドローンエンジニア養成塾１６期 「コプター各種フライトモード」　2/2  渋谷先生	https://www.youtube.com/watch?v=PQkFRSHxdiU
jhBbzgw5Igc	ドローンエンジニア養成塾１６期「XACTIカメラ搭載コプター　Mount-POI　Luaスクリプトアプリケーション」　1/2 ランディ先生	https://www.youtube.com/watch?v=jhBbzgw5Igc
3Lmt2nL_ehM	ドローンエンジニア養成塾１６期「XACTIカメラ搭載コプター　Mount-POI　Luaスクリプトアプリケーション」　2/2 ランディ先生	https://www.youtube.com/watch?v=3Lmt2nL_ehM
xR0gfIhhHAU	ドローンエンジニア養成塾16期　Flight Experience： DIYチャレンジ 　1/2  大河原さん	https://www.youtube.com/watch?v=xR0gfIhhHAU
htHerbgx5uE	ドローンエンジニア養成塾16期　Flight Experience： DIYチャレンジ 　2/2  大河原さん	https://www.youtube.com/watch?v=htHerbgx5uE
taKjimDW8Lc	ドローンエンジニア養成塾16期　Flight Experience： DIYチャレンジ 　1/3  河畠さん	https://www.youtube.com/watch?v=taKjimDW8Lc
2g3of75n9rA	ドローンエンジニア養成塾16期　Flight Experience： プログラムミッションチャレンジ 　2/2  金子さん	https://www.youtube.com/watch?v=2g3of75n9rA
ExpRP-nO5wg	ドローンエンジニア養成塾16期　Flight Experience： プログラムミッションチャレンジ 　2/2  塚本さん	https://www.youtube.com/watch?v=ExpRP-nO5wg
_jg-dzi192w	ドローンエンジニア養成塾１７期 Day４ フライトエクスペリエンス 　川村先生　1・２	https://www.youtube.com/watch?v=_jg-dzi192w
m6_Eqq1yLVE	ドローンエンジニア養成塾１７期 Day４ フライトエクスペリエンス 　川村先生　２・２	https://www.youtube.com/watch?v=m6_Eqq1yLVE
F7_2pF7vODo	ドローンエンジニア養成塾１７期 Day４ フライトエクスペリエンス 　塩浜さん 「ドローンショーを北海道で」を夢見て模索格闘中！　1/2	https://www.youtube.com/watch?v=F7_2pF7vODo
b3X9vlyNRLo	Quick （クイック）v 1 0 ArduPilot ミニコプター	https://www.youtube.com/watch?v=b3X9vlyNRLo
YpamK4LNPTU	つじ農園 ドローン米2024	https://www.youtube.com/watch?v=YpamK4LNPTU
WKhJPK2SjRs	ドローンエンジニア養成塾１９期  RANDY先生 1/2	https://www.youtube.com/watch?v=WKhJPK2SjRs
a0wmfzzOvzc	ドローンエンジニア養成塾１９期  太田さん 1/3	https://www.youtube.com/watch?v=a0wmfzzOvzc
PdvvgzbaYvs	ドローンエンジニア養成塾１９期  我田先生 1/2	https://www.youtube.com/watch?v=PdvvgzbaYvs
U5Xu-nRcJg0	ドローンエンジニア養成塾１９期  太田さん 2/3	https://www.youtube.com/watch?v=U5Xu-nRcJg0
o-ngTbigfUo	ドローンエンジニア養成塾１９期  小宮さん 2/2	https://www.youtube.com/watch?v=o-ngTbigfUo
kuDp7ok2SlM	ドローンエンジニア養成塾１９期  ランディ先生 2/2	https://www.youtube.com/watch?v=kuDp7ok2SlM
crflSlUEmy8	ドローンエンジニア養成塾１９期  我田先生 2/2	https://www.youtube.com/watch?v=crflSlUEmy8
lUODN6umx5g	ドローンエンジニア養成塾１９期  渋谷先生 2/2	https://www.youtube.com/watch?v=lUODN6umx5g
Mq5LkW6HY6I	ドローンエンジニア養成塾１９期  太田さん 3/3	https://www.youtube.com/watch?v=Mq5LkW6HY6I
CoqW1LtyvGs	ドローンエンジニア養成塾第１９期 フライトエクスペリエンス　森田さん 1/2	https://www.youtube.com/watch?v=CoqW1LtyvGs
ho-iSSD15vA	ドローンエンジニア養成塾第１９期 フライトエクスペリエンス　坂本さん 2/3	https://www.youtube.com/watch?v=ho-iSSD15vA
mMszp4FmDhU	「Indoor Quick」v. 2. 0　ドローン屋内自動航行カスタムソリューション	https://www.youtube.com/watch?v=mMszp4FmDhU
2cQBWdqUZ-E	「デジドロ」農業支援者向けドローン研修サービス	https://www.youtube.com/watch?v=2cQBWdqUZ-E
pP_V5JDw8ZU	ドローンエンジニア養成塾 １８期　卒業生インタビュー 坂本さん（コース３）	https://www.youtube.com/watch?v=pP_V5JDw8ZU
_ihK61gwE_c	ドローンエンジニア養成塾 １８期　卒業生インタビュー 向井さん（コース２）	https://www.youtube.com/watch?v=_ihK61gwE_c
WvoH6Mbc7dY	ドローンエンジニア養成塾 １８期　卒業生インタビュー 豊島さん（コース１）	https://www.youtube.com/watch?v=WvoH6Mbc7dY
Ax37q9h-Cp0	ドローンエンジニア養成塾１８期 Day４ フライトエクスペリエンス 　坂本さん　２・２	https://www.youtube.com/watch?v=Ax37q9h-Cp0
vYxuNCKuuss	ドローンエンジニア養成塾１８期 Day４ フライトエクスペリエンス 　向井さん　２・２	https://www.youtube.com/watch?v=vYxuNCKuuss
LdVTOSkMpJQ	ドローンエンジニア養成塾１８期 Day４ フライトエクスペリエンス 　渋谷先生	https://www.youtube.com/watch?v=LdVTOSkMpJQ
55NR-_V8UMk	ドローンエンジニア養成塾１８期 Day４ フライトエクスペリエンス 　我田先生　２・２	https://www.youtube.com/watch?v=55NR-_V8UMk
xMrw0iwECVE	ドローンエンジニア養成塾１８期 Day４ フライトエクスペリエンス 　稲葉さん　２・２	https://www.youtube.com/watch?v=xMrw0iwECVE
f60SKyIjAE0	ドローンエンジニア養成塾１８期 Day４ フライトエクスペリエンス 　木村さん　２・２	https://www.youtube.com/watch?v=f60SKyIjAE0
S3VLXbwlnXg	ドローンエンジニア養成塾１８期 Day４ フライトエクスペリエンス 　豊島さん　２・２	https://www.youtube.com/watch?v=S3VLXbwlnXg
WfPfI2-GRLI	APDC in Kaga （ArduPilot Developers Conference 2024) Digest Long ver.	https://www.youtube.com/watch?v=WfPfI2-GRLI
dRGBYJdbm4Q	APDC in Kaga （ArduPilot Developers Conference 2024) Digest	https://www.youtube.com/watch?v=dRGBYJdbm4Q
hR0H0Avn50E	ドローンエンジニア養成塾１８期 Day１ 我田先生 DEMO	https://www.youtube.com/watch?v=hR0H0Avn50E
EyiERAT2Rh8	ドローンエンジニア養成塾１８期 Day１ Randy先生 DEMO Part2	https://www.youtube.com/watch?v=EyiERAT2Rh8
BOYlqG9yWDI	ドローンエンジニア養成塾１８期 Day１ 渋谷先生 DEMO Part2	https://www.youtube.com/watch?v=BOYlqG9yWDI
yKmgpM7L5cs	ドローンエンジニア養成塾１８期 Day１ 渋谷先生 DEMO Part1 1.3	https://www.youtube.com/watch?v=yKmgpM7L5cs
VgZEDBw4T9s	ドローンエンジニア養成塾１８期 Day１ Randy先生 DEMO Part1 2.3	https://www.youtube.com/watch?v=VgZEDBw4T9s
vGkQNadH0XU	ドローンエンジニア養成塾１８期 Day１ Randy先生 DEMO Part1 1.3	https://www.youtube.com/watch?v=vGkQNadH0XU
gUaEBBq2jqc	ドローンエンジニア養成塾１８期 Day１ 藤川先生 DEMO Part２	https://www.youtube.com/watch?v=gUaEBBq2jqc
Cl7WMUK9rsE	ドローンエンジニア養成塾１８期 Day１ 村田さんDEMO 1.3	https://www.youtube.com/watch?v=Cl7WMUK9rsE
fsqmUtylGKU	ドローンエンジニア養成塾１８期 Day１ 太田さんDEMO 3.3	https://www.youtube.com/watch?v=fsqmUtylGKU
1SA2xxAc7n4	ドローンエンジニア養成塾１８期 Day１ 太田さんDEMO 1.3	https://www.youtube.com/watch?v=1SA2xxAc7n4
_7rHfbFA61c	ドローン米 2024	https://www.youtube.com/watch?v=_7rHfbFA61c
0EiO8vujfdQ	ドローンエンジニア養成塾１７期　修了生インタビュー（川崎寛昭さん）	https://www.youtube.com/watch?v=0EiO8vujfdQ
OE8zAKVUzz8	ドローンエンジニア養成塾 １７期生　Safety First!  (成果作品)	https://www.youtube.com/watch?v=OE8zAKVUzz8
FWT9bRDSvJ4	ドローンエンジニア養成塾 17期　卒業生インタビュー 塩浜さん（コース２）	https://www.youtube.com/watch?v=FWT9bRDSvJ4
lE468_rOa-U	ドローンエンジニア養成塾 17期　卒業生インタビュー 青木さん（コース１）	https://www.youtube.com/watch?v=lE468_rOa-U
9SD8dpk08fY	ドローンエンジニア養成塾１７期 Day４ フライトエクスペリエンス 　青木さん 初めてのフライトチャレンジ！　２/2	https://www.youtube.com/watch?v=9SD8dpk08fY
J25Y3uqyKGM	ドローンエンジニア養成塾１７期 Day４ フライトエクスペリエンス 　青木さん 初めてのフライトチャレンジ！　1/2	https://www.youtube.com/watch?v=J25Y3uqyKGM
Sdd51KlbeqI	ドローンエンジニア養成塾１７期 Day４ フライトエクスペリエンス 　渋谷先生	https://www.youtube.com/watch?v=Sdd51KlbeqI
veLFhi9Q3ck	ドローンエンジニア養成塾１７期 Day４ フライトエクスペリエンス 　川崎さん　オートチューニング２・２	https://www.youtube.com/watch?v=veLFhi9Q3ck
XzBQJs7VMVU	ドローンエンジニア養成塾１７期 Day４ フライトエクスペリエンス 　川崎さん　オートチューニング１・２	https://www.youtube.com/watch?v=XzBQJs7VMVU
XRvr8RBxnkU	ドローンエンジニア養成塾１７期 Day４ フライトエクスペリエンス 　川崎さん　モーター正常回転”数”チェックプログラム	https://www.youtube.com/watch?v=XRvr8RBxnkU
CmUMMJ9Te7k	DOP SUITE™（ドップ スイート）	https://www.youtube.com/watch?v=CmUMMJ9Te7k
qSxLNMIGBsQ	D.O.P. ドローン・オープンプラットフォーム・プロジェクト　2024	https://www.youtube.com/watch?v=qSxLNMIGBsQ
oewhNtsl1TU	ドローンエンジニア養成塾１７期 Day１ 荒川さん DEMO	https://www.youtube.com/watch?v=oewhNtsl1TU
uijEVmGVo8g	ドローンエンジニア養成塾１７期 Day１ Randy先生 DEMO	https://www.youtube.com/watch?v=uijEVmGVo8g
uVZZN_mUrtE	ドローンエンジニア養成塾１７期 Day１ 川村先生DEMO	https://www.youtube.com/watch?v=uVZZN_mUrtE
df1U67Cv69M	ドローンエンジニア養成塾１７期 Day１ 我田先生DEMO 2/2	https://www.youtube.com/watch?v=df1U67Cv69M
UNNzVecbP9g	ドローンエンジニア養成塾１７期 Day１ 我田先生DEMO 1/2	https://www.youtube.com/watch?v=UNNzVecbP9g
AocqS3B2ls8	ドローンエンジニア養成塾１７期 Day１ 渋谷先生DEMO	https://www.youtube.com/watch?v=AocqS3B2ls8
A5FIZrUf_yc	ドローンエンジニア養成塾　講師座談会	https://www.youtube.com/watch?v=A5FIZrUf_yc
WtzgRkwJluc	渋谷雅樹先生　コース３紹介	https://www.youtube.com/watch?v=WtzgRkwJluc
kR0E2R4Q_P4	藤川秀行先生　コース２紹介	https://www.youtube.com/watch?v=kR0E2R4Q_P4
m5xWbkSOukw	我田友史先生　コース１紹介	https://www.youtube.com/watch?v=m5xWbkSOukw
AR0xmAuPhiQ	ドローンエンジニア養成塾第１６期　修了生インタビュー　金子丈一郎さん	https://www.youtube.com/watch?v=AR0xmAuPhiQ
FIeYU8-9pcI	ドローンエンジニア養成塾16期　Flight Experience： Python＆OpenCV アルコマーカー検知システム 　2/2  渋谷先生　#ドローンエンジニア ＃ドローンプログラミング	https://www.youtube.com/watch?v=FIeYU8-9pcI
wP20CUZyhr8	ドローンエンジニア養成塾16期　Flight Experience： Python＆OpenCV アルコマーカー検知システム 　1/2  渋谷先生　#ドローンエンジニア ＃ドローンプログラミング	https://www.youtube.com/watch?v=wP20CUZyhr8
a86tWhnRfiY	ドローンエンジニア養成塾16期　Flight Experience： CCのフライトモード表示＆テレメトリー機能活用 　我田先生　#ドローンエンジニア ＃ドローンプログラミング	https://www.youtube.com/watch?v=a86tWhnRfiY
0z2A1Rz-RoY	ドローンエンジニア養成塾16期　Flight Experience： ChatGPTを使ったコマンドラインからの操作 　藤川先生　＃Chat GPT 　#ドローンエンジニア ＃ドローンプログラミング	https://www.youtube.com/watch?v=0z2A1Rz-RoY
gSsPfSBRlDM	つじ農園  ドローン米2023	https://www.youtube.com/watch?v=gSsPfSBRlDM
fIauEmOR-eA	ドローン米2023 勝俣挨拶	https://www.youtube.com/watch?v=fIauEmOR-eA
YwisQ9MQ-lk	中島農園  ドローン米２０２３	https://www.youtube.com/watch?v=YwisQ9MQ-lk
kZfAYRjMAAo	ドローンエンジニア養成塾第１５期　コース２　宇留賀さんインタビュー	https://www.youtube.com/watch?v=kZfAYRjMAAo
2gB1OnDtEgA	ドローンエンジニア養成塾第１５期　コース２　MVP　宇留賀さん	https://www.youtube.com/watch?v=2gB1OnDtEgA
AXBlKHEB3Q0	ドローンエンジニア養成塾第１５期　コース３　朝隈さんインタビュー	https://www.youtube.com/watch?v=AXBlKHEB3Q0
qmjic2xAebo	ドローンエンジニア養成塾第１５期　コース３　MVP　朝隈さんのシミュレーションデモ（SNAP ROLLアクロバットモード）	https://www.youtube.com/watch?v=qmjic2xAebo
HclCcXbL8yc	ドローンエンジニア養成塾第１５期　コース３　MVP　朝隈さん	https://www.youtube.com/watch?v=HclCcXbL8yc
RiYS8kyU_04	ArduPilotによる初ドローンショー！＠札幌　２０２３年８月２５日 #ドローンエンジニア  #ドローンショー #ドローンプログラミング	https://www.youtube.com/watch?v=RiYS8kyU_04
tYYLaFK-Teg	ドローンエンジニア養成塾第１３期コース１、１４期コース２、１５期コース３　完走インタビュー　梅澤紘一さん	https://www.youtube.com/watch?v=tYYLaFK-Teg
dfERp6kznfQ	９・９　DEMO　DOPHUB活用例 マルチクライアント対応のHDストリーミング　川村先生	https://www.youtube.com/watch?v=dfERp6kznfQ
7zrW4lqG9Wo	９・９　DEMO前編　DOPHUB活用例 マルチクライアント対応のHDストリーミング　川村先生	https://www.youtube.com/watch?v=7zrW4lqG9Wo
RABArnobDTw	９・９　DOPHUB活用例 マルチクライアント対応のHDストリーミング　川村先生	https://www.youtube.com/watch?v=RABArnobDTw
fUdmmQaDl2E	８・９　CC Webストリーミング→GCSでの人物検知 　我田先生	https://www.youtube.com/watch?v=fUdmmQaDl2E
e9H2T0UXpwA	７・９　DEMO  ４足歩行ロボット（複数サーボのLUA制御） 藤川先生	https://www.youtube.com/watch?v=e9H2T0UXpwA
P3rOILP86Ww	６・９　DEMO  アルコマーカー追従プログラム航行 渋谷先生	https://www.youtube.com/watch?v=P3rOILP86Ww
bC6i5_Nfivo	６・９　アルコマーカー追従プログラム航行 渋谷先生	https://www.youtube.com/watch?v=bC6i5_Nfivo
xn8XygjmbCs	５・９　DEMO Sub100g Minicopter 土木さん（１５期）	https://www.youtube.com/watch?v=xn8XygjmbCs
sUtqYxkKyJ4	５・９　Sub100g Minicopter 土木さん（１５期）	https://www.youtube.com/watch?v=sUtqYxkKyJ4
LoNzufUeMD4	４・９　DEMO　ArduPilotシングルヘリ 初披露 奥野さん（１０期）	https://www.youtube.com/watch?v=LoNzufUeMD4
pjaw_e-FDl8	４・９　前座DEMO？　ArduPilotシングルヘリ 初披露 奥野さん（１０期）	https://www.youtube.com/watch?v=pjaw_e-FDl8
RSdJzIakZsM	３・９　DEMO  操縦＆テレメ統合プロポ　TKKWorks山崎さん　（１１期）	https://www.youtube.com/watch?v=RSdJzIakZsM
JRJsCKsjpJY	３・９　操縦＆テレメ統合プロポ　TKKWorks山崎さん　（１１期）	https://www.youtube.com/watch?v=JRJsCKsjpJY
V7CY7ufDD2E	２・９　DEMO  ラジコン→ArduPilot自動草刈り機完成　創造社竹田さん（１４期）	https://www.youtube.com/watch?v=V7CY7ufDD2E
QopUtEjBcxQ	２・９　ラジコン→ArduPilot自動草刈り機完成　創造社竹田さん（１４期）	https://www.youtube.com/watch?v=QopUtEjBcxQ
SZJZcZc2UAo	１・９　DEMO 本邦初公開！ドローンショー用新型（PX4→）ArduPilot機　DSJ社中山さん（１４期＆１５期）	https://www.youtube.com/watch?v=SZJZcZc2UAo
PDX9Db2TlCA	DOP（ドップ プロジェクト)  DOP SUITE & DOP HUB	https://www.youtube.com/watch?v=PDX9Db2TlCA
mwCmlY4q3yc	DOP（ドップ プロジェクト) & 各社対応製品サービス	https://www.youtube.com/watch?v=mwCmlY4q3yc
ukL7341nCc8	ドローンエンジニア養成塾　決意発表 中山僚太さん２/２	https://www.youtube.com/watch?v=ukL7341nCc8
aAJ5KXc20l0	ドローンエンジニア養成塾　決意発表 中山僚太さん１/２	https://www.youtube.com/watch?v=aAJ5KXc20l0
SG7PtJlk2sc	ドローンエンジニア養成塾　成果発表 小宮光裕さん５/５	https://www.youtube.com/watch?v=SG7PtJlk2sc
317_f82A2rA	ドローンエンジニア養成塾　成果発表 小宮光裕さん３/５	https://www.youtube.com/watch?v=317_f82A2rA
Q3Jec9BWhQg	ドローンエンジニア養成塾　成果発表 小宮光裕さん２/５	https://www.youtube.com/watch?v=Q3Jec9BWhQg
4HjoXO4UhJ0	ドローンエンジニア養成塾　成果発表 小宮光裕さん１/５	https://www.youtube.com/watch?v=4HjoXO4UhJ0
zZE22-VasAE	ドローンエンジニア養成塾　成果発表 渋谷雅樹さん	https://www.youtube.com/watch?v=zZE22-VasAE
ZuYE1Hh5ZDI	ドローンエンジニア養成塾　成果発表 藤川秀行さん	https://www.youtube.com/watch?v=ZuYE1Hh5ZDI
EYZARPSHSvA	ドローンエンジニア養成塾　成果発表 我田友史さん	https://www.youtube.com/watch?v=EYZARPSHSvA
2JyM4AV3H7U	ドローンエンジニア養成塾　成果発表 川村剛さん ２/２	https://www.youtube.com/watch?v=2JyM4AV3H7U
vpavmPanXzM	ドローンエンジニア養成塾　成果発表 川村剛さん １/２	https://www.youtube.com/watch?v=vpavmPanXzM
p9o7EQaZ8FY	ドローンエンジニア養成塾　成果発表 五百部達也・勝至さん	https://www.youtube.com/watch?v=p9o7EQaZ8FY
eh-MhPUdxwo	ドローンエンジニア養成塾　成果発表  松本威さん	https://www.youtube.com/watch?v=eh-MhPUdxwo
chRLhop69Ng	ドローンエンジニア養成塾　成果発表  山﨑大仁郎さん	https://www.youtube.com/watch?v=chRLhop69Ng
srF20AvZCAo	ドローンエンジニア養成塾　成果発表 Randy Machay 2	https://www.youtube.com/watch?v=srF20AvZCAo
odpS1V-9YgU	ドローンエンジニア養成塾　成果発表　Randy Machay 1	https://www.youtube.com/watch?v=odpS1V-9YgU
r_GLEU6aImc	ドローンエンジニア養成塾　成果発表 Randy	https://www.youtube.com/watch?v=r_GLEU6aImc
Ha9mDXY92n0	「テーマ：改正法後、故のArduPilotの価値！」	https://www.youtube.com/watch?v=Ha9mDXY92n0
IGsorCuXZqg	「改正法後、故のArduPilotを学ぶ意味」　ドローンエンジニア養成塾 オペレーションコース講師　高山先生	https://www.youtube.com/watch?v=IGsorCuXZqg
bYXCrcJvFM0	渋谷先生 （ドローンエンジニア養成塾 コース３講師）	https://www.youtube.com/watch?v=bYXCrcJvFM0
VR6Chu_P0Vo	藤川先生 (ドローンエンジニア養成塾 コース２講師）	https://www.youtube.com/watch?v=VR6Chu_P0Vo
ETHJ9kSoJ2w	我田先生 (ドローンエンジニア養成塾 コース１講師）	https://www.youtube.com/watch?v=ETHJ9kSoJ2w
sw2qkzzyLQc	高山先生 (ドローンエンジニア養成塾 コース１講師）	https://www.youtube.com/watch?v=sw2qkzzyLQc
Xu2xNdbkIbc	川村先生(ドローンエンジニア養成塾 講師リード）	https://www.youtube.com/watch?v=Xu2xNdbkIbc
eIkpaKRQL40	ドローンエンジニア養成塾第１４期　コース２　竹田明弘さん　インタビュー	https://www.youtube.com/watch?v=eIkpaKRQL40
ThmeGBJHJ74	ドローンエンジニア養成塾第１４期　コース３　一戸英男さん　インタビュー	https://www.youtube.com/watch?v=ThmeGBJHJ74
TMHB-yW4SYY	ドローンエンジニア養成塾第１４期　MVP成果発表　一戸さん	https://www.youtube.com/watch?v=TMHB-yW4SYY
c6q0fbdxLL8	ドローンエンジニア養成塾第１４期　コース１　伊藤竜司さん　インタビュー	https://www.youtube.com/watch?v=c6q0fbdxLL8
uDDwq1SSPOM	DroneJapan ドローンｘ農業のとりくみ	https://www.youtube.com/watch?v=uDDwq1SSPOM
7ycPzXetkYc	めざせ！　ドローンエンジニア　チャンネル　第１５回	https://www.youtube.com/watch?v=7ycPzXetkYc
U9A92DZT9Lg	ドローン・ジャパン７周年を迎え	https://www.youtube.com/watch?v=U9A92DZT9Lg
AYB_Gj02iB4	めざせ！　ドローンエンジニア　チャンネル　第１４回	https://www.youtube.com/watch?v=AYB_Gj02iB4
y35ZXEQO_7U	めざせ！　ドローンエンジニア　チャンネル　第１３回	https://www.youtube.com/watch?v=y35ZXEQO_7U
Xhhw5aRqfCU	めざせ！　ドローンエンジニア　チャンネル　第１２回	https://www.youtube.com/watch?v=Xhhw5aRqfCU
6f2lFByZlGk	ドローン米2022　つじ農園	https://www.youtube.com/watch?v=6f2lFByZlGk
f63qapqmXDY	めざせ！　ドローンエンジニア　チャンネル　第１１回	https://www.youtube.com/watch?v=f63qapqmXDY
mipkm4W0v3E	ドローン米2022 勝俣挨拶	https://www.youtube.com/watch?v=mipkm4W0v3E
7amHqszH7t8	めざせ！　ドローンエンジニア　チャンネル　第１０回	https://www.youtube.com/watch?v=7amHqszH7t8
L_G3s2np7Zs	めざせ！　ドローンエンジニア　チャンネル　第９回	https://www.youtube.com/watch?v=L_G3s2np7Zs
pcgMRwpKa2Q	めざせ！　ドローンエンジニア　チャンネル　第８回	https://www.youtube.com/watch?v=pcgMRwpKa2Q
wU7mofuscnA	ドローンエンジニア養成塾第１３期　コース１卒業生　塚田浩生さんインタビュー	https://www.youtube.com/watch?v=wU7mofuscnA
wW7d7PAiNSc	ドローンエンジニア養成塾第１３期　コース３卒業生 　伊豆知郁さんインタビュー	https://www.youtube.com/watch?v=wW7d7PAiNSc
LFCdzmUIsSo	ドローンエンジニア養成塾第１３期　コース２卒業生　佐藤好行さんインタビュー	https://www.youtube.com/watch?v=LFCdzmUIsSo
ka1YXXGQ-dk	めざせ！　ドローンエンジニア　チャンネル　第７回	https://www.youtube.com/watch?v=ka1YXXGQ-dk
cgyPgd4PDho	めざせ！　ドローンエンジニア　チャンネル　第６回	https://www.youtube.com/watch?v=cgyPgd4PDho
ur_MdmXTjq0	めざせ！　ドローンエンジニア　チャンネル　第５回	https://www.youtube.com/watch?v=ur_MdmXTjq0
xJ-toJpKKLI	めざせ！　ドローンエンジニア　チャンネル　第４回	https://www.youtube.com/watch?v=xJ-toJpKKLI
c_Qsvo5IsWg	めざせ！　ドローンエンジニア　チャンネル　第３回	https://www.youtube.com/watch?v=c_Qsvo5IsWg
fZHHkbTeonU	めざせ！ ドローンエンジニア　チャンネル　第２回	https://www.youtube.com/watch?v=fZHHkbTeonU
89BW7PhjAZg	めざせ！ ドローンエンジニア　チャンネル　第1回	https://www.youtube.com/watch?v=89BW7PhjAZg
SW1jZaXhUzw	ドローンワインプロジェクト	https://www.youtube.com/watch?v=SW1jZaXhUzw
3FRDY6nXoZE	ドローンエンジニア養成塾　講師座談会（２０２２年度）	https://www.youtube.com/watch?v=3FRDY6nXoZE
eZOqC7THNxg	中島農園　ドローン米2022	https://www.youtube.com/watch?v=eZOqC7THNxg
klj64TC2uMw	つじ農園　ドローン米2021	https://www.youtube.com/watch?v=klj64TC2uMw
2duR7hWMGvQ	田車ドローン After	https://www.youtube.com/watch?v=2duR7hWMGvQ
h8e39P4DYRo	田車ドローン　開発格闘中！？	https://www.youtube.com/watch?v=h8e39P4DYRo
otG1DGqXfN4	田車ドローン Before	https://www.youtube.com/watch?v=otG1DGqXfN4
7jNPdUC8IBE	ドローン米2021 ご挨拶　ドローン・ジャパン代表 勝俣喜一朗	https://www.youtube.com/watch?v=7jNPdUC8IBE
wk1XSNSBCgQ	ドローンエンジニア養成塾第１２期　新カリキュラム一部紹介	https://www.youtube.com/watch?v=wk1XSNSBCgQ
0sQr_LBlwBc	ドローンエンジニア養成塾第１２期　講師座談会	https://www.youtube.com/watch?v=0sQr_LBlwBc
DwrCBGyYyYg	ドローンエンジニア養成塾第11期 徳毛さん 特別賞	https://www.youtube.com/watch?v=DwrCBGyYyYg
A2lyaRtAYCA	ドローンエンジニア養成塾第11期  徳毛さん  インタビュー	https://www.youtube.com/watch?v=A2lyaRtAYCA
n0BP9TvvhRs	ドローンエンジニア養成塾第11期コース２ 川崎さん MVP	https://www.youtube.com/watch?v=n0BP9TvvhRs
n-7MmY5cPEg	ドローンエンジニア養成塾第11期コース２ 川崎さん インタビュー	https://www.youtube.com/watch?v=n-7MmY5cPEg
oUVnlmZZMZk	ドローンエンジニア養成塾第11期 CHURAMARINEチーム　コース３ MVT Presentation	https://www.youtube.com/watch?v=oUVnlmZZMZk
ynJ0lpUeT00	ドローンエンジニア養成塾第11期 CHURAMARINEチーム コース３ MVT インタビュー	https://www.youtube.com/watch?v=ynJ0lpUeT00
M2WVP-JoVh4	ドローンエンジニア養成塾第11期 太田さん コース１ MVP	https://www.youtube.com/watch?v=M2WVP-JoVh4
YHYOYUPF43Q	ドローンエンジニア養成塾第11期 太田さん インタビュー	https://www.youtube.com/watch?v=YHYOYUPF43Q
SGLmsvAxyxw	ドローンエンジニア養成塾第11期 山崎さん 総合MVP	https://www.youtube.com/watch?v=SGLmsvAxyxw
P-ianRuawrY	ドローンエンジニア養成塾第11期 山崎さん インタビュー	https://www.youtube.com/watch?v=P-ianRuawrY
UE6pkS9BFl8	ドローンエンジニア養成塾　リード講師　川村剛	https://www.youtube.com/watch?v=UE6pkS9BFl8
98qX1-rUGD8	下村さん インタビュー	https://www.youtube.com/watch?v=98qX1-rUGD8
BuUS9IVK1dE	ドローンエンジニア養成塾第１０期　小西淳一さん	https://www.youtube.com/watch?v=BuUS9IVK1dE
UG8n0I4EV_g	ドローンエンジニア養成塾第１０期　庄司博孝さん	https://www.youtube.com/watch?v=UG8n0I4EV_g
101JwqQ33tE	ドローンエンジニア養成塾第１０期　三原孝さん	https://www.youtube.com/watch?v=101JwqQ33tE
M_xzZaUTvxM	ドローンエンジニア養成塾第１０期　鈴木健太さん	https://www.youtube.com/watch?v=M_xzZaUTvxM
J-SH6Bx5GNg	ドローンエンジニア養成塾　講師　藤川秀行	https://www.youtube.com/watch?v=J-SH6Bx5GNg
JcOVrm-Ltac	ドローンエンジニア養成塾　講師　高山誠一	https://www.youtube.com/watch?v=JcOVrm-Ltac
cydG3x4GohI	ドローンエンジニア養成塾　講師　我田友史	https://www.youtube.com/watch?v=cydG3x4GohI
WnqVgqq8O7g	ドローンエンジニア養成塾　2021年度講師座談会	https://www.youtube.com/watch?v=WnqVgqq8O7g
Mxvuhlgv3Ig	DJアグリサービス	https://www.youtube.com/watch?v=Mxvuhlgv3Ig
ak9LE2-SyhA	ArduPilot多脚モード！？本邦初公開　by Drone Japan	https://www.youtube.com/watch?v=ak9LE2-SyhA
IS8kmTB4u9A	ドローン米２０２０　下村さん（富山県）	https://www.youtube.com/watch?v=IS8kmTB4u9A
HjgopMhh6zg	ドローンエンジニア養成塾 講師座談会　2020・秋冬	https://www.youtube.com/watch?v=HjgopMhh6zg
cpGwelxgw_8	ドローン米２０２０　前田さん（熊本県）	https://www.youtube.com/watch?v=cpGwelxgw_8
P7bXnxpo6To	ドローン米２０２０　本山さん（岡山県）（６月インタビュー ３/３）	https://www.youtube.com/watch?v=P7bXnxpo6To
L3WCievyB90	ドローン米２０２０　本山さん（岡山県）（６月インタビュー ２/３）	https://www.youtube.com/watch?v=L3WCievyB90
2AkMWnCfoL8	ドローン米２０２０　本山さん（岡山県）（６月インタビュー １/３）	https://www.youtube.com/watch?v=2AkMWnCfoL8
h8sto5JEAOI	ドローン米２０２０　つじさん（三重県）	https://www.youtube.com/watch?v=h8sto5JEAOI
ErYFUSb-1jY	ドローン米２０２０　中島さん（新潟県）	https://www.youtube.com/watch?v=ErYFUSb-1jY
EgoSFLzul-c	ドローン米２０２０　本山さん（岡山県）	https://www.youtube.com/watch?v=EgoSFLzul-c
9BHsUVTGC2w	ドローン米２０２０　つじさん　(三重県）	https://www.youtube.com/watch?v=9BHsUVTGC2w
UXmhwqrn9rI	ドローンエンジニア養成塾講師　2020年度 藤川さん	https://www.youtube.com/watch?v=UXmhwqrn9rI
2mjTj_e21-A	ドローンエンジニア養成塾　２０２０年春夏（９期）池田さんインタビュー	https://www.youtube.com/watch?v=2mjTj_e21-A
WVUZcNAyYxQ	ドローンエンジニア養成塾　２０２０年春夏（９期）　卒業生 浅井さんインタビュー	https://www.youtube.com/watch?v=WVUZcNAyYxQ
pNXB2vqNPHQ	ドローンエンジニア養成塾　２０２０年春夏（９期）　大矢さんインタビュー	https://www.youtube.com/watch?v=pNXB2vqNPHQ
fQaVsEVwyW0	ドローンエンジニア養成塾講師　2020年度 扇さん	https://www.youtube.com/watch?v=fQaVsEVwyW0
vCb6iLkO7qw	ドローンエンジニア養成塾講師リーダー　2020年度 川村さん	https://www.youtube.com/watch?v=vCb6iLkO7qw
83nkZnco3Ao	ドローンエンジニア養成塾講師　2020年度 高山さん	https://www.youtube.com/watch?v=83nkZnco3Ao
37II0nxTrO8	ドローンエンジニア養成塾講師　2020年度 我田さん	https://www.youtube.com/watch?v=37II0nxTrO8
NI4Qtyh5G3Y	ドローンエンジニア養成塾講師　2020年度スタートにあたり　語り合い　第1回	https://www.youtube.com/watch?v=NI4Qtyh5G3Y
SgbYaYZq5WI	ドローン・ジャパン社主催　ドローンエンジニア養成塾　ドローンソフトウェアエンジニアを目指す	https://www.youtube.com/watch?v=SgbYaYZq5WI
wFOjDaZDuYQ	ドローン・ジャパン社主催　ドローンエンジニア養成塾　プロオぺレータを目指す	https://www.youtube.com/watch?v=wFOjDaZDuYQ
_FsukQyPTro	DJ アグリサービス	https://www.youtube.com/watch?v=_FsukQyPTro
-TtGx15bXr8	「ドローンエンジニア養成塾」卒業生インタビュー　藤川さん	https://www.youtube.com/watch?v=-TtGx15bXr8
aJm26flYSzc	ドローン・ジャパン 篤農家インタビュー 仲田さん	https://www.youtube.com/watch?v=aJm26flYSzc
Vz-VZbrUiSU	「ドローンエンジニア養成塾」卒業生インタビュー 高山さん	https://www.youtube.com/watch?v=Vz-VZbrUiSU
WvkMwb_09wQ	「ドローンエンジニア養成塾」卒業生インタビュー 原本さん	https://www.youtube.com/watch?v=WvkMwb_09wQ
V9tLJZH3ynE	「ドローンエンジニア養成塾」 卒業生 インタビュー土屋さん	https://www.youtube.com/watch?v=V9tLJZH3ynE
PI727gyHeF4	猪名川甲英ドローン米PJ 20181001	https://www.youtube.com/watch?v=PI727gyHeF4
ozol_05rz9U	市川さんPV	https://www.youtube.com/watch?v=ozol_05rz9U
RPc1axPNLTo	辻さんPV	https://www.youtube.com/watch?v=RPc1axPNLTo
cOoMGEJMweo	本山さんPV	https://www.youtube.com/watch?v=cOoMGEJMweo
8nbo6YXXa3E	中島さんPV	https://www.youtube.com/watch?v=8nbo6YXXa3E
NFNvU8QdmPw	「ドローンエンジニア養成塾」卒業生インタビュー 我田さん	https://www.youtube.com/watch?v=NFNvU8QdmPw
e83u-hvCu3c	浜野さんPV	https://www.youtube.com/watch?v=e83u-hvCu3c
Zk2XMHH0I50	三門さんPV	https://www.youtube.com/watch?v=Zk2XMHH0I50
AptbUcfMBWI	DroneRice PV Global version	https://www.youtube.com/watch?v=AptbUcfMBWI
0daxQsx_oZk	ドローンジャパンが描く、農業へのドローン活用	https://www.youtube.com/watch?v=0daxQsx_oZk
Guy59kakdZQ	Ardupilot Projects   VTOL	https://www.youtube.com/watch?v=Guy59kakdZQ
78_6X8kUO5k	Precision Landing	https://www.youtube.com/watch?v=78_6X8kUO5k
Tle-DNFHDRY	Multi Vehicle 50 planes	https://www.youtube.com/watch?v=Tle-DNFHDRY
RAtbI2lMx0k	Throw Mode	https://www.youtube.com/watch?v=RAtbI2lMx0k
